Intelligent,V1.00,Glass Alsar,,,,,,,,,,,,,,,,,,,,,,,,,,,,,,,,,,,,,,,
Serial Number,Station ID,Site ID,PASS/FAIL,Error Message,Fail Item,Test Start Time,Total Test Time,Calib-Left-0,Calib-Left-1,Calib-Left-2,Calib-Left-3,Calib-Left-4,Calib-Left-5,Calib-Left-6,Calib-Left-7,Calib-Left-8,Calib-Left-9,Calib-Left-10,Calib-Left-11,Calib-Left-12,Calib-Left-13,Calib-Left-14,Calib-Left-15,Calib-Left-16,ALS1-LED-0,ALS1-LED-1,ALS1-LED-2,ALS1-LED-3,ALS1-LED-4,ALS1-LED-5,ALS1-LED-6,ALS1-LED-7,ALS1-LED-8,ALS1-LED-9,ALS1-LED-10,ALS1-LED-11,ALS1-LED-12,ALS1-LED-13,ALS1-LED-14,ALS1-LED-15,ALS1-LED-16
upper Limited,,,,,,,,1600,1440,1440,1440,1440,1280,1280,1280,1280,1120,1120,1120,1120,960,960,960,960,1600,1440,1440,1440,1440,1280,1280,1280,1280,1120,1120,1120,1120,960,960,960,960
Lower Limited,,,,,,,,1440,1280,1280,1280,1280,1120,1120,1120,1120,960,960,960,960,800,800,800,800,1440,1280,1280,1280,1280,1120,1120,1120,1120,960,960,960,960,800,800,800,800
Unit         ,,,,,,,,N/A,N/A,N/A,N/A,N/A,N/A,N/A,N/A,N/A,N/A,N/A,N/A,N/A,N/A,N/A,N/A,N/A,N/A,N/A,N/A,N/A,N/A,N/A,N/A,N/A,N/A,N/A,N/A,N/A,N/A,N/A,N/A,N/A,N/A
nil,nil,[site id],PASS,,,nil,nil,160,154.4,154.6,154.2,154.7,138.5,138.9,138.9,138.9,112.9,113.2,113.1,113,80,80.1,79.9,79.8,159.8,154.7,154.5,154.5,155.1,138.3,139.2,139.2,138.9,113.2,113.3,113.4,113.2,80.1,80.3,80.1,79.8
