Intelligent,V1.00,Glass Alsar
Serial Number,Station ID,Site ID,PASS/FAIL,Error Message,Fail Item,Test Start Time,Test Stop Time,Calib-Left-0,Calib-Left-1,Calib-Left-2,Calib-Left-3,Calib-Left-4,Calib-Left-5,Calib-Left-6,Calib-Left-7,Calib-Left-8,Calib-Left-9,Calib-Left-10,Calib-Left-11,Calib-Left-12,Calib-Left-13,Calib-Left-14,Calib-Left-15,Calib-Left-16,ALS2-LED-0,ALS2-LED-1,ALS2-LED-2,ALS2-LED-3,ALS2-LED-4,ALS2-LED-5,ALS2-LED-6,ALS2-LED-7,ALS2-LED-8,ALS2-LED-9,ALS2-LED-10,ALS2-LED-11,ALS2-LED-12,ALS2-LED-13,ALS2-LED-14,ALS2-LED-15,ALS2-LED-16
upper Limited----------->,,,,,,,,65535,65535,65535,65535,65535,65535,65535,65535,65535,65535,65535,65535,65535,65535,65535,65535,65535,65535,65535,65535,65535,65535,65535,65535,65535,65535,65535,65535,65535,65535,65535,65535,65535,65535
Lower Limited----------->,,,,,,,,65535,65535,65535,65535,65535,65535,65535,65535,65535,65535,65535,65535,65535,65535,65535,65535,65535,65535,65535,65535,65535,65535,65535,65535,65535,65535,65535,65535,65535,65535,65535,65535,65535,65535
Unit         ,,,,,,,,N/A,N/A,N/A,N/A,N/A,N/A,N/A,N/A,N/A,N/A,N/A,N/A,N/A,N/A,N/A,N/A,N/A,N/A,N/A,N/A,N/A,N/A,N/A,N/A,N/A,N/A,N/A,N/A,N/A,N/A,N/A,N/A,N/A,N/A
nil,nil,[site id],FAIL,,Calib-Left-0;Calib-Left-1,2015/06/13_11:04:14.661,2015/06/13_11:05:19,,,,,,,,,,,,,,,,,,,,,,,,,,,,,,,,,,
